dimension,split,years,n,mape_pct,mae_MW,rmse_MW,bias_MW,actual_mean_MW,predicted_mean_MW
3,train,2020-2022,26172,2.6767267913992168,37.63310623669664,53.24614867166493,0.6807913909024981,1393.7108957760202,1394.3916871669228
3,validation,2023,8752,3.9042884994489353,51.19008031829492,65.27628292689795,43.032949666511556,1348.1914491544792,1391.2243988209905
3,test,2024,8778,3.846283197253027,51.16302029909738,69.16524423684794,42.55018220401549,1347.1252660059238,1389.6754482099393
5,train,2020-2022,26166,4.624035887656434,61.98186255500371,78.05692198191757,-28.743231414361418,1393.6642239356415,1364.9209925212804
5,validation,2023,8750,4.017141068619615,52.28585737475264,67.87291308425205,14.466756846432322,1348.1351390285713,1362.6018958750037
5,test,2024,8776,4.186405022828252,54.748948153437986,72.37219029934414,11.33233227951385,1347.0828087682316,1358.4151410477457
8,train,2020-2022,26157,2.8844904612540794,40.922235283644795,56.36139645958185,-10.782723022225447,1393.5875030202237,1382.8047799979986
8,validation,2023,8747,3.4525481161570886,45.309801824132954,59.45123220594155,32.390678356264445,1348.0229365496743,1380.4136149059389
8,test,2024,8773,3.4262893346369867,45.68239940919464,62.82647091423887,31.772885019115083,1346.9985799612446,1378.77146498036
