year,id_bezirk,bezirk,city_predicted_GWh,district_weight_2023,district_predicted_GWh,allocation_rule,spatial_status
2020,01,Mitte,12120.564859550,0.193616133,2346.736897882,annual_umweltatlas_share_2023,conditional_allocation_not_independent_kpi
2020,02,Friedrichshain-Kreuzberg,12120.564859550,0.094139438,1141.023164121,annual_umweltatlas_share_2023,conditional_allocation_not_independent_kpi
2020,03,Pankow,12120.564859550,0.068349837,828.438632498,annual_umweltatlas_share_2023,conditional_allocation_not_independent_kpi
2020,04,Charlottenburg-Wilmersdorf,12120.564859550,0.099291811,1203.472835248,annual_umweltatlas_share_2023,conditional_allocation_not_independent_kpi
2020,05,Spandau,12120.564859550,0.074424108,902.062228128,annual_umweltatlas_share_2023,conditional_allocation_not_independent_kpi
2020,06,Steglitz-Zehlendorf,12120.564859550,0.069543177,842.902587368,annual_umweltatlas_share_2023,conditional_allocation_not_independent_kpi
2020,07,Tempelhof-Schöneberg,12120.564859550,0.093294855,1130.786341090,annual_umweltatlas_share_2023,conditional_allocation_not_independent_kpi
2020,08,Neukölln,12120.564859550,0.069204504,838.797679305,annual_umweltatlas_share_2023,conditional_allocation_not_independent_kpi
2020,09,Treptow-Köpenick,12120.564859550,0.062845344,761.721068073,annual_umweltatlas_share_2023,conditional_allocation_not_independent_kpi
2020,10,Marzahn-Hellersdorf,12120.564859550,0.047842029,579.872415507,annual_umweltatlas_share_2023,conditional_allocation_not_independent_kpi
2020,11,Lichtenberg,12120.564859550,0.050798488,615.706368571,annual_umweltatlas_share_2023,conditional_allocation_not_independent_kpi
2020,12,Reinickendorf,12120.564859550,0.076650276,929.044641760,annual_umweltatlas_share_2023,conditional_allocation_not_independent_kpi
2021,01,Mitte,12157.448135582,0.193616133,2353.878095160,annual_umweltatlas_share_2023,conditional_allocation_not_independent_kpi
2021,02,Friedrichshain-Kreuzberg,12157.448135582,0.094139438,1144.495334998,annual_umweltatlas_share_2023,conditional_allocation_not_independent_kpi
2021,03,Pankow,12157.448135582,0.068349837,830.959598403,annual_umweltatlas_share_2023,conditional_allocation_not_independent_kpi
2021,04,Charlottenburg-Wilmersdorf,12157.448135582,0.099291811,1207.135042521,annual_umweltatlas_share_2023,conditional_allocation_not_independent_kpi
2021,05,Spandau,12157.448135582,0.074424108,904.807233047,annual_umweltatlas_share_2023,conditional_allocation_not_independent_kpi
2021,06,Steglitz-Zehlendorf,12157.448135582,0.069543177,845.467567561,annual_umweltatlas_share_2023,conditional_allocation_not_independent_kpi
2021,07,Tempelhof-Schöneberg,12157.448135582,0.093294855,1134.227360979,annual_umweltatlas_share_2023,conditional_allocation_not_independent_kpi
2021,08,Neukölln,12157.448135582,0.069204504,841.350168129,annual_umweltatlas_share_2023,conditional_allocation_not_independent_kpi
2021,09,Treptow-Köpenick,12157.448135582,0.062845344,764.039010243,annual_umweltatlas_share_2023,conditional_allocation_not_independent_kpi
2021,10,Marzahn-Hellersdorf,12157.448135582,0.047842029,581.636986269,annual_umweltatlas_share_2023,conditional_allocation_not_independent_kpi
2021,11,Lichtenberg,12157.448135582,0.050798488,617.579983226,annual_umweltatlas_share_2023,conditional_allocation_not_independent_kpi
2021,12,Reinickendorf,12157.448135582,0.076650276,931.871755048,annual_umweltatlas_share_2023,conditional_allocation_not_independent_kpi
2022,01,Mitte,11892.011635275,0.193616133,2302.485306413,annual_umweltatlas_share_2023,conditional_allocation_not_independent_kpi
2022,02,Friedrichshain-Kreuzberg,11892.011635275,0.094139438,1119.507292034,annual_umweltatlas_share_2023,conditional_allocation_not_independent_kpi
2022,03,Pankow,11892.011635275,0.068349837,812.817056873,annual_umweltatlas_share_2023,conditional_allocation_not_independent_kpi
2022,04,Charlottenburg-Wilmersdorf,11892.011635275,0.099291811,1180.779371700,annual_umweltatlas_share_2023,conditional_allocation_not_independent_kpi
2022,05,Spandau,11892.011635275,0.074424108,885.052358281,annual_umweltatlas_share_2023,conditional_allocation_not_independent_kpi
2022,06,Steglitz-Zehlendorf,11892.011635275,0.069543177,827.008270038,annual_umweltatlas_share_2023,conditional_allocation_not_independent_kpi
2022,07,Tempelhof-Schöneberg,11892.011635275,0.093294855,1109.463501171,annual_umweltatlas_share_2023,conditional_allocation_not_independent_kpi
2022,08,Neukölln,11892.011635275,0.069204504,822.980766781,annual_umweltatlas_share_2023,conditional_allocation_not_independent_kpi
2022,09,Treptow-Köpenick,11892.011635275,0.062845344,747.357562071,annual_umweltatlas_share_2023,conditional_allocation_not_independent_kpi
2022,10,Marzahn-Hellersdorf,11892.011635275,0.047842029,568.937965523,annual_umweltatlas_share_2023,conditional_allocation_not_independent_kpi
2022,11,Lichtenberg,11892.011635275,0.050798488,604.096210350,annual_umweltatlas_share_2023,conditional_allocation_not_independent_kpi
2022,12,Reinickendorf,11892.011635275,0.076650276,911.525974039,annual_umweltatlas_share_2023,conditional_allocation_not_independent_kpi
2023,01,Mitte,12074.477889582,0.193616133,2337.813716975,annual_umweltatlas_share_2023,conditional_allocation_not_independent_kpi
2023,02,Friedrichshain-Kreuzberg,12074.477889582,0.094139438,1136.684562669,annual_umweltatlas_share_2023,conditional_allocation_not_independent_kpi
2023,03,Pankow,12074.477889582,0.068349837,825.288595613,annual_umweltatlas_share_2023,conditional_allocation_not_independent_kpi
2023,04,Charlottenburg-Wilmersdorf,12074.477889582,0.099291811,1198.896776536,annual_umweltatlas_share_2023,conditional_allocation_not_independent_kpi
2023,05,Spandau,12074.477889582,0.074424108,898.632246498,annual_umweltatlas_share_2023,conditional_allocation_not_independent_kpi
2023,06,Steglitz-Zehlendorf,12074.477889582,0.069543177,839.697553058,annual_umweltatlas_share_2023,conditional_allocation_not_independent_kpi
2023,07,Tempelhof-Schöneberg,12074.477889582,0.093294855,1126.486663909,annual_umweltatlas_share_2023,conditional_allocation_not_independent_kpi
2023,08,Neukölln,12074.477889582,0.069204504,835.608253408,annual_umweltatlas_share_2023,conditional_allocation_not_independent_kpi
2023,09,Treptow-Köpenick,12074.477889582,0.062845344,758.824716591,annual_umweltatlas_share_2023,conditional_allocation_not_independent_kpi
2023,10,Marzahn-Hellersdorf,12074.477889582,0.047842029,577.667521353,annual_umweltatlas_share_2023,conditional_allocation_not_independent_kpi
2023,11,Lichtenberg,12074.477889582,0.050798488,613.365220180,annual_umweltatlas_share_2023,conditional_allocation_not_independent_kpi
2023,12,Reinickendorf,12074.477889582,0.076650276,925.512062792,annual_umweltatlas_share_2023,conditional_allocation_not_independent_kpi
2024,01,Mitte,12095.962062273,0.193616133,2341.973399412,annual_umweltatlas_share_2023,conditional_allocation_not_independent_kpi
2024,02,Friedrichshain-Kreuzberg,12095.962062273,0.094139438,1138.707070612,annual_umweltatlas_share_2023,conditional_allocation_not_independent_kpi
2024,03,Pankow,12095.962062273,0.068349837,826.757035315,annual_umweltatlas_share_2023,conditional_allocation_not_independent_kpi
2024,04,Charlottenburg-Wilmersdorf,12095.962062273,0.099291811,1201.029978950,annual_umweltatlas_share_2023,conditional_allocation_not_independent_kpi
2024,05,Spandau,12095.962062273,0.074424108,900.231186886,annual_umweltatlas_share_2023,conditional_allocation_not_independent_kpi
2024,06,Steglitz-Zehlendorf,12095.962062273,0.069543177,841.191630682,annual_umweltatlas_share_2023,conditional_allocation_not_independent_kpi
2024,07,Tempelhof-Schöneberg,12095.962062273,0.093294855,1128.491026685,annual_umweltatlas_share_2023,conditional_allocation_not_independent_kpi
2024,08,Neukölln,12095.962062273,0.069204504,837.095054922,annual_umweltatlas_share_2023,conditional_allocation_not_independent_kpi
2024,09,Treptow-Köpenick,12095.962062273,0.062845344,760.174896814,annual_umweltatlas_share_2023,conditional_allocation_not_independent_kpi
2024,10,Marzahn-Hellersdorf,12095.962062273,0.047842029,578.695367766,annual_umweltatlas_share_2023,conditional_allocation_not_independent_kpi
2024,11,Lichtenberg,12095.962062273,0.050798488,614.456583669,annual_umweltatlas_share_2023,conditional_allocation_not_independent_kpi
2024,12,Reinickendorf,12095.962062273,0.076650276,927.158830559,annual_umweltatlas_share_2023,conditional_allocation_not_independent_kpi
