id_bezirk,bezirk,sector_code,sector_name,district_weight,sector_share_annual,predicted_district_sector_GWh_complete_rows,proxy_raked_sector_GWh,proxy_to_model_ratio,city_predicted_GWh_complete_rows,city_share_pct,allocation_rule,spatial_validation_status
01,Mitte,I,Industria y minería,0.193616133,0.139822733,317.772091564,318.913614456,0.996420589,11738.062669913,2.707193687,annual_district_weight_times_annual_sector_share,consistencia_condicionada_no_independiente
01,Mitte,R,Hogares,0.193616133,0.155594068,353.615262428,354.885543543,0.996420589,11738.062669913,3.012552176,annual_district_weight_times_annual_sector_share,consistencia_condicionada_no_independiente
01,Mitte,C,Comercio/GHD,0.193616133,0.606075683,1377.415054767,1382.363102966,0.996420587,11738.062669913,11.734603005,annual_district_weight_times_annual_sector_share,consistencia_condicionada_no_independiente
01,Mitte,P,Público,0.193616133,0.000000000,0.000000000,0.000000000,0.000000000,11738.062669913,0.000000000,annual_district_weight_times_annual_sector_share,consistencia_condicionada_no_independiente
01,Mitte,T,Transporte,0.193616133,0.098507517,223.875896574,224.680119379,0.996420588,11738.062669913,1.907264451,annual_district_weight_times_annual_sector_share,consistencia_condicionada_no_independiente
02,Friedrichshain-Kreuzberg,I,Industria y minería,0.094139438,0.129145120,142.707246083,143.219889446,0.996420585,11738.062669913,1.215764902,annual_district_weight_times_annual_sector_share,consistencia_condicionada_no_independiente
02,Friedrichshain-Kreuzberg,R,Hogares,0.094139438,0.220077424,243.188771702,244.062371565,0.996420588,11738.062669913,2.071796501,annual_district_weight_times_annual_sector_share,consistencia_condicionada_no_independiente
02,Friedrichshain-Kreuzberg,C,Comercio/GHD,0.094139438,0.559792500,618.578898320,620.801000041,0.996420589,11738.062669913,5.269855135,annual_district_weight_times_annual_sector_share,consistencia_condicionada_no_independiente
02,Friedrichshain-Kreuzberg,P,Público,0.094139438,0.000000000,0.000000000,0.000000000,0.000000000,11738.062669913,0.000000000,annual_district_weight_times_annual_sector_share,consistencia_condicionada_no_independiente
02,Friedrichshain-Kreuzberg,T,Transporte,0.094139438,0.090984956,100.539706849,100.900872210,0.996420592,11738.062669913,0.856527262,annual_district_weight_times_annual_sector_share,consistencia_condicionada_no_independiente
03,Pankow,I,Industria y minería,0.068349837,0.076652260,61.497699656,61.718616518,0.996420580,11738.062669913,0.523916948,annual_district_weight_times_annual_sector_share,consistencia_condicionada_no_independiente
03,Pankow,R,Hogares,0.068349837,0.537087982,430.902825379,432.450745934,0.996420585,11738.062669913,3.670987602,annual_district_weight_times_annual_sector_share,consistencia_condicionada_no_independiente
03,Pankow,C,Comercio/GHD,0.068349837,0.332256924,266.567959257,267.525544137,0.996420585,11738.062669913,2.270970660,annual_district_weight_times_annual_sector_share,consistencia_condicionada_no_independiente
03,Pankow,P,Público,0.068349837,0.000000000,0.000000000,0.000000000,0.000000000,11738.062669913,0.000000000,annual_district_weight_times_annual_sector_share,consistencia_condicionada_no_independiente
03,Pankow,T,Transporte,0.068349837,0.054002834,43.326185893,43.481825480,0.996420583,11738.062669913,0.369108490,annual_district_weight_times_annual_sector_share,consistencia_condicionada_no_independiente
04,Charlottenburg-Wilmersdorf,I,Industria y minería,0.099291811,0.109153724,127.217955837,127.674957715,0.996420583,11738.062669913,1.083807093,annual_district_weight_times_annual_sector_share,consistencia_condicionada_no_independiente
04,Charlottenburg-Wilmersdorf,R,Hogares,0.099291811,0.340807820,397.209299003,398.636184149,0.996420583,11738.062669913,3.383942565,annual_district_weight_times_annual_sector_share,consistencia_condicionada_no_independiente
04,Charlottenburg-Wilmersdorf,C,Comercio/GHD,0.099291811,0.473137783,551.439010751,553.419931663,0.996420583,11738.062669913,4.697870733,annual_district_weight_times_annual_sector_share,consistencia_condicionada_no_independiente
04,Charlottenburg-Wilmersdorf,P,Público,0.099291811,0.000000000,0.000000000,0.000000000,0.000000000,11738.062669913,0.000000000,annual_district_weight_times_annual_sector_share,consistencia_condicionada_no_independiente
04,Charlottenburg-Wilmersdorf,T,Transporte,0.099291811,0.076900673,89.627234537,89.949200790,0.996420577,11738.062669913,0.763560709,annual_district_weight_times_annual_sector_share,consistencia_condicionada_no_independiente
05,Spandau,I,Industria y minería,0.074424108,0.109364959,95.540664281,95.883873066,0.996420579,11738.062669913,0.813938952,annual_district_weight_times_annual_sector_share,consistencia_condicionada_no_independiente
05,Spandau,R,Hogares,0.074424108,0.339532144,296.613530322,297.679047471,0.996420584,11738.062669913,2.526937695,annual_district_weight_times_annual_sector_share,consistencia_condicionada_no_independiente
05,Spandau,C,Comercio/GHD,0.074424108,0.474053405,414.130610321,415.618281215,0.996420584,11738.062669913,3.528100181,annual_district_weight_times_annual_sector_share,consistencia_condicionada_no_independiente
05,Spandau,P,Público,0.074424108,0.000000000,0.000000000,0.000000000,0.000000000,11738.062669913,0.000000000,annual_district_weight_times_annual_sector_share,consistencia_condicionada_no_independiente
05,Spandau,T,Transporte,0.074424108,0.077049492,67.310038933,67.551835577,0.996420576,11738.062669913,0.573433971,annual_district_weight_times_annual_sector_share,consistencia_condicionada_no_independiente
06,Steglitz-Zehlendorf,I,Industria y minería,0.069543177,0.092515863,75.520899716,75.792192119,0.996420576,11738.062669913,0.643384704,annual_district_weight_times_annual_sector_share,consistencia_condicionada_no_independiente
06,Steglitz-Zehlendorf,R,Hogares,0.069543177,0.441285818,360.222570775,361.516591388,0.996420578,11738.062669913,3.068841775,annual_district_weight_times_annual_sector_share,consistencia_condicionada_no_independiente
06,Steglitz-Zehlendorf,C,Comercio/GHD,0.069543177,0.401019304,327.352928023,328.528871548,0.996420578,11738.062669913,2.788815644,annual_district_weight_times_annual_sector_share,consistencia_condicionada_no_independiente
06,Steglitz-Zehlendorf,P,Público,0.069543177,0.000000000,0.000000000,0.000000000,0.000000000,11738.062669913,0.000000000,annual_district_weight_times_annual_sector_share,consistencia_condicionada_no_independiente
06,Steglitz-Zehlendorf,T,Transporte,0.069543177,0.065179015,53.205771376,53.396901234,0.996420581,11738.062669913,0.453275578,annual_district_weight_times_annual_sector_share,consistencia_condicionada_no_independiente
07,Tempelhof-Schöneberg,I,Industria y minería,0.093294855,0.107873920,118.132821999,118.557187132,0.996420587,11738.062669913,1.006408172,annual_district_weight_times_annual_sector_share,consistencia_condicionada_no_independiente
07,Tempelhof-Schöneberg,R,Hogares,0.093294855,0.348536708,381.682846850,383.053956728,0.996420583,11738.062669913,3.251668164,annual_district_weight_times_annual_sector_share,consistencia_condicionada_no_independiente
07,Tempelhof-Schöneberg,C,Comercio/GHD,0.093294855,0.467590343,512.058584302,513.898039011,0.996420584,11738.062669913,4.362377325,annual_district_weight_times_annual_sector_share,consistencia_condicionada_no_independiente
07,Tempelhof-Schöneberg,P,Público,0.093294855,0.000000000,0.000000000,0.000000000,0.000000000,11738.062669913,0.000000000,annual_district_weight_times_annual_sector_share,consistencia_condicionada_no_independiente
07,Tempelhof-Schöneberg,T,Transporte,0.093294855,0.075999029,83.226601620,83.525574797,0.996420579,11738.062669913,0.709031839,annual_district_weight_times_annual_sector_share,consistencia_condicionada_no_independiente
08,Neukölln,I,Industria y minería,0.069204504,0.092958575,75.512742226,75.784004438,0.996420588,11738.062669913,0.643315208,annual_district_weight_times_annual_sector_share,consistencia_condicionada_no_independiente
08,Neukölln,R,Hogares,0.069204504,0.438612232,356.296473051,357.576387644,0.996420584,11738.062669913,3.035394196,annual_district_weight_times_annual_sector_share,consistencia_condicionada_no_independiente
08,Neukölln,C,Comercio/GHD,0.069204504,0.402938281,327.317566414,328.493381222,0.996420583,11738.062669913,2.788514388,annual_district_weight_times_annual_sector_share,consistencia_condicionada_no_independiente
08,Neukölln,P,Público,0.069204504,0.000000000,0.000000000,0.000000000,0.000000000,11738.062669913,0.000000000,annual_district_weight_times_annual_sector_share,consistencia_condicionada_no_independiente
08,Neukölln,T,Transporte,0.069204504,0.065490913,53.200024113,53.391132872,0.996420590,11738.062669913,0.453226615,annual_district_weight_times_annual_sector_share,consistencia_condicionada_no_independiente
09,Treptow-Köpenick,I,Industria y minería,0.062845344,0.103030137,76.003537938,76.276563136,0.996420589,11738.062669913,0.647496440,annual_district_weight_times_annual_sector_share,consistencia_condicionada_no_independiente
09,Treptow-Köpenick,R,Hogares,0.062845344,0.377788883,278.688280319,279.689404424,0.996420586,11738.062669913,2.374227231,annual_district_weight_times_annual_sector_share,consistencia_condicionada_no_independiente
09,Treptow-Köpenick,C,Comercio/GHD,0.062845344,0.446594479,329.444970334,330.628426386,0.996420586,11738.062669913,2.806638366,annual_district_weight_times_annual_sector_share,consistencia_condicionada_no_independiente
09,Treptow-Köpenick,P,Público,0.062845344,0.000000000,0.000000000,0.000000000,0.000000000,11738.062669913,0.000000000,annual_district_weight_times_annual_sector_share,consistencia_condicionada_no_independiente
09,Treptow-Köpenick,T,Transporte,0.062845344,0.072586501,53.545797794,53.738148936,0.996420585,11738.062669913,0.456172363,annual_district_weight_times_annual_sector_share,consistencia_condicionada_no_independiente
10,Marzahn-Hellersdorf,I,Industria y minería,0.047842029,0.078270541,43.954601753,44.112498585,0.996420587,11738.062669913,0.374462149,annual_district_weight_times_annual_sector_share,consistencia_condicionada_no_independiente
10,Marzahn-Hellersdorf,R,Hogares,0.047842029,0.527314992,296.125722084,297.189484226,0.996420593,11738.062669913,2.522781914,annual_district_weight_times_annual_sector_share,consistencia_condicionada_no_independiente
10,Marzahn-Hellersdorf,C,Comercio/GHD,0.047842029,0.339271526,190.525638647,191.210057082,0.996420594,11738.062669913,1.623143819,annual_district_weight_times_annual_sector_share,consistencia_condicionada_no_independiente
10,Marzahn-Hellersdorf,P,Público,0.047842029,0.000000000,0.000000000,0.000000000,0.000000000,11738.062669913,0.000000000,annual_district_weight_times_annual_sector_share,consistencia_condicionada_no_independiente
10,Marzahn-Hellersdorf,T,Transporte,0.047842029,0.055142941,30.966772174,31.078012976,0.996420595,11738.062669913,0.263815018,annual_district_weight_times_annual_sector_share,consistencia_condicionada_no_independiente
11,Lichtenberg,I,Industria y minería,0.050798488,0.093804669,55.933457399,56.134385492,0.996420588,11738.062669913,0.476513535,annual_district_weight_times_annual_sector_share,consistencia_condicionada_no_independiente
11,Lichtenberg,R,Hogares,0.050798488,0.433502566,258.487104811,259.415659374,0.996420592,11738.062669913,2.202127490,annual_district_weight_times_annual_sector_share,consistencia_condicionada_no_independiente
11,Lichtenberg,C,Comercio/GHD,0.050798488,0.406605764,242.449191722,243.320133714,0.996420592,11738.062669913,2.065495802,annual_district_weight_times_annual_sector_share,consistencia_condicionada_no_independiente
11,Lichtenberg,P,Público,0.050798488,0.000000000,0.000000000,0.000000000,0.000000000,11738.062669913,0.000000000,annual_district_weight_times_annual_sector_share,consistencia_condicionada_no_independiente
11,Lichtenberg,T,Transporte,0.050798488,0.066087001,39.406081749,39.547638803,0.996420594,11738.062669913,0.335711973,annual_district_weight_times_annual_sector_share,consistencia_condicionada_no_independiente
12,Reinickendorf,I,Industria y minería,0.076650276,0.110665434,99.568539869,99.926217897,0.996420579,11738.062669913,0.848253606,annual_district_weight_times_annual_sector_share,consistencia_condicionada_no_independiente
12,Reinickendorf,R,Hogares,0.076650276,0.331678424,298.419616588,299.491623556,0.996420578,11738.062669913,2.542324274,annual_district_weight_times_annual_sector_share,consistencia_condicionada_no_independiente
12,Reinickendorf,C,Comercio/GHD,0.076650276,0.479690442,431.589839508,433.140231015,0.996420578,11738.062669913,3.676840477,annual_district_weight_times_annual_sector_share,consistencia_condicionada_no_independiente
12,Reinickendorf,P,Público,0.076650276,0.000000000,0.000000000,0.000000000,0.000000000,11738.062669913,0.000000000,annual_district_weight_times_annual_sector_share,consistencia_condicionada_no_independiente
12,Reinickendorf,T,Transporte,0.076650276,0.077965699,70.147746489,70.399736946,0.996420577,11738.062669913,0.597609235,annual_district_weight_times_annual_sector_share,consistencia_condicionada_no_independiente
