id_bezirk,bezirk,district_weight,predicted_I_GWh,predicted_R_GWh,predicted_C_GWh,predicted_P_GWh,predicted_T_GWh,predicted_total_GWh,allocation_rule
01,Mitte,0.193616133,317.772091564,353.615262428,1377.415054767,0.000000000,223.875896574,2272.678305333,annual_district_weight_times_annual_sector_share
02,Friedrichshain-Kreuzberg,0.094139438,142.707246083,243.188771702,618.578898320,0.000000000,100.539706849,1105.014622954,annual_district_weight_times_annual_sector_share
03,Pankow,0.068349837,61.497699656,430.902825379,266.567959257,0.000000000,43.326185893,802.294670184,annual_district_weight_times_annual_sector_share
04,Charlottenburg-Wilmersdorf,0.099291811,127.217955837,397.209299003,551.439010751,0.000000000,89.627234537,1165.493500127,annual_district_weight_times_annual_sector_share
05,Spandau,0.074424108,95.540664281,296.613530322,414.130610321,0.000000000,67.310038933,873.594843856,annual_district_weight_times_annual_sector_share
06,Steglitz-Zehlendorf,0.069543177,75.520899716,360.222570775,327.352928023,0.000000000,53.205771376,816.302169891,annual_district_weight_times_annual_sector_share
07,Tempelhof-Schöneberg,0.093294855,118.132821999,381.682846850,512.058584302,0.000000000,83.226601620,1095.100854770,annual_district_weight_times_annual_sector_share
08,Neukölln,0.069204504,75.512742226,356.296473051,327.317566414,0.000000000,53.200024113,812.326805805,annual_district_weight_times_annual_sector_share
09,Treptow-Köpenick,0.062845344,76.003537938,278.688280319,329.444970334,0.000000000,53.545797794,737.682586384,annual_district_weight_times_annual_sector_share
10,Marzahn-Hellersdorf,0.047842029,43.954601753,296.125722084,190.525638647,0.000000000,30.966772174,561.572734658,annual_district_weight_times_annual_sector_share
11,Lichtenberg,0.050798488,55.933457399,258.487104811,242.449191722,0.000000000,39.406081749,596.275835681,annual_district_weight_times_annual_sector_share
12,Reinickendorf,0.076650276,99.568539869,298.419616588,431.589839508,0.000000000,70.147746489,899.725742454,annual_district_weight_times_annual_sector_share
