year,id_bezirk,bezirk,sector_code,sector_name,city_predicted_GWh,district_weight_2023,sector_share_annual,district_sector_predicted_GWh,allocation_rule,spatial_sector_status
2020,01,Mitte,I,Industria y minería,12120.564859550,0.193616133,0.115362430,270.725271052,annual_umweltatlas_share_2023_times_annual_strombilanz_share,conditional_allocation_not_independent_kpi
2020,01,Mitte,R,Residencial,12120.564859550,0.193616133,0.341766067,802.035040560,annual_umweltatlas_share_2023_times_annual_strombilanz_share,conditional_allocation_not_independent_kpi
2020,01,Mitte,C,Comercio/GHD,12120.564859550,0.193616133,0.475115291,1114.970584978,annual_umweltatlas_share_2023_times_annual_strombilanz_share,conditional_allocation_not_independent_kpi
2020,01,Mitte,P,Público,12120.564859550,0.193616133,0.000000000,0.000000000,annual_umweltatlas_share_2023_times_annual_strombilanz_share,conditional_allocation_not_independent_kpi
2020,01,Mitte,T,Transporte,12120.564859550,0.193616133,0.067756211,159.006001290,annual_umweltatlas_share_2023_times_annual_strombilanz_share,conditional_allocation_not_independent_kpi
2020,02,Friedrichshain-Kreuzberg,I,Industria y minería,12120.564859550,0.094139438,0.115362430,131.631204871,annual_umweltatlas_share_2023_times_annual_strombilanz_share,conditional_allocation_not_independent_kpi
2020,02,Friedrichshain-Kreuzberg,R,Residencial,12120.564859550,0.094139438,0.341766067,389.962999492,annual_umweltatlas_share_2023_times_annual_strombilanz_share,conditional_allocation_not_independent_kpi
2020,02,Friedrichshain-Kreuzberg,C,Comercio/GHD,12120.564859550,0.094139438,0.475115291,542.117553067,annual_umweltatlas_share_2023_times_annual_strombilanz_share,conditional_allocation_not_independent_kpi
2020,02,Friedrichshain-Kreuzberg,P,Público,12120.564859550,0.094139438,0.000000000,0.000000000,annual_umweltatlas_share_2023_times_annual_strombilanz_share,conditional_allocation_not_independent_kpi
2020,02,Friedrichshain-Kreuzberg,T,Transporte,12120.564859550,0.094139438,0.067756211,77.311406690,annual_umweltatlas_share_2023_times_annual_strombilanz_share,conditional_allocation_not_independent_kpi
2020,03,Pankow,I,Industria y minería,12120.564859550,0.068349837,0.115362430,95.570693730,annual_umweltatlas_share_2023_times_annual_strombilanz_share,conditional_allocation_not_independent_kpi
2020,03,Pankow,R,Residencial,12120.564859550,0.068349837,0.341766067,283.132213422,annual_umweltatlas_share_2023_times_annual_strombilanz_share,conditional_allocation_not_independent_kpi
2020,03,Pankow,C,Comercio/GHD,12120.564859550,0.068349837,0.475115291,393.603862252,annual_umweltatlas_share_2023_times_annual_strombilanz_share,conditional_allocation_not_independent_kpi
2020,03,Pankow,P,Público,12120.564859550,0.068349837,0.000000000,0.000000000,annual_umweltatlas_share_2023_times_annual_strombilanz_share,conditional_allocation_not_independent_kpi
2020,03,Pankow,T,Transporte,12120.564859550,0.068349837,0.067756211,56.131863093,annual_umweltatlas_share_2023_times_annual_strombilanz_share,conditional_allocation_not_independent_kpi
2020,04,Charlottenburg-Wilmersdorf,I,Industria y minería,12120.564859550,0.099291811,0.115362430,138.835550683,annual_umweltatlas_share_2023_times_annual_strombilanz_share,conditional_allocation_not_independent_kpi
2020,04,Charlottenburg-Wilmersdorf,R,Residencial,12120.564859550,0.099291811,0.341766067,411.306177997,annual_umweltatlas_share_2023_times_annual_strombilanz_share,conditional_allocation_not_independent_kpi
2020,04,Charlottenburg-Wilmersdorf,C,Comercio/GHD,12120.564859550,0.099291811,0.475115291,571.788346760,annual_umweltatlas_share_2023_times_annual_strombilanz_share,conditional_allocation_not_independent_kpi
2020,04,Charlottenburg-Wilmersdorf,P,Público,12120.564859550,0.099291811,0.000000000,0.000000000,annual_umweltatlas_share_2023_times_annual_strombilanz_share,conditional_allocation_not_independent_kpi
2020,04,Charlottenburg-Wilmersdorf,T,Transporte,12120.564859550,0.099291811,0.067756211,81.542759807,annual_umweltatlas_share_2023_times_annual_strombilanz_share,conditional_allocation_not_independent_kpi
2020,05,Spandau,I,Industria y minería,12120.564859550,0.074424108,0.115362430,104.064090626,annual_umweltatlas_share_2023_times_annual_strombilanz_share,conditional_allocation_not_independent_kpi
2020,05,Spandau,R,Residencial,12120.564859550,0.074424108,0.341766067,308.294260161,annual_umweltatlas_share_2023_times_annual_strombilanz_share,conditional_allocation_not_independent_kpi
2020,05,Spandau,C,Comercio/GHD,12120.564859550,0.074424108,0.475115291,428.583558340,annual_umweltatlas_share_2023_times_annual_strombilanz_share,conditional_allocation_not_independent_kpi
2020,05,Spandau,P,Público,12120.564859550,0.074424108,0.000000000,0.000000000,annual_umweltatlas_share_2023_times_annual_strombilanz_share,conditional_allocation_not_independent_kpi
2020,05,Spandau,T,Transporte,12120.564859550,0.074424108,0.067756211,61.120319001,annual_umweltatlas_share_2023_times_annual_strombilanz_share,conditional_allocation_not_independent_kpi
2020,06,Steglitz-Zehlendorf,I,Industria y minería,12120.564859550,0.069543177,0.115362430,97.239290711,annual_umweltatlas_share_2023_times_annual_strombilanz_share,conditional_allocation_not_independent_kpi
2020,06,Steglitz-Zehlendorf,R,Residencial,12120.564859550,0.069543177,0.341766067,288.075502396,annual_umweltatlas_share_2023_times_annual_strombilanz_share,conditional_allocation_not_independent_kpi
2020,06,Steglitz-Zehlendorf,C,Comercio/GHD,12120.564859550,0.069543177,0.475115291,400.475908384,annual_umweltatlas_share_2023_times_annual_strombilanz_share,conditional_allocation_not_independent_kpi
2020,06,Steglitz-Zehlendorf,P,Público,12120.564859550,0.069543177,0.000000000,0.000000000,annual_umweltatlas_share_2023_times_annual_strombilanz_share,conditional_allocation_not_independent_kpi
2020,06,Steglitz-Zehlendorf,T,Transporte,12120.564859550,0.069543177,0.067756211,57.111885877,annual_umweltatlas_share_2023_times_annual_strombilanz_share,conditional_allocation_not_independent_kpi
2020,07,Tempelhof-Schöneberg,I,Industria y minería,12120.564859550,0.093294855,0.115362430,130.450260091,annual_umweltatlas_share_2023_times_annual_strombilanz_share,conditional_allocation_not_independent_kpi
2020,07,Tempelhof-Schöneberg,R,Residencial,12120.564859550,0.093294855,0.341766067,386.464400743,annual_umweltatlas_share_2023_times_annual_strombilanz_share,conditional_allocation_not_independent_kpi
2020,07,Tempelhof-Schöneberg,C,Comercio/GHD,12120.564859550,0.093294855,0.475115291,537.253881911,annual_umweltatlas_share_2023_times_annual_strombilanz_share,conditional_allocation_not_independent_kpi
2020,07,Tempelhof-Schöneberg,P,Público,12120.564859550,0.093294855,0.000000000,0.000000000,annual_umweltatlas_share_2023_times_annual_strombilanz_share,conditional_allocation_not_independent_kpi
2020,07,Tempelhof-Schöneberg,T,Transporte,12120.564859550,0.093294855,0.067756211,76.617798345,annual_umweltatlas_share_2023_times_annual_strombilanz_share,conditional_allocation_not_independent_kpi
2020,08,Neukölln,I,Industria y minería,12120.564859550,0.069204504,0.115362430,96.765738542,annual_umweltatlas_share_2023_times_annual_strombilanz_share,conditional_allocation_not_independent_kpi
2020,08,Neukölln,R,Residencial,12120.564859550,0.069204504,0.341766067,286.672584111,annual_umweltatlas_share_2023_times_annual_strombilanz_share,conditional_allocation_not_independent_kpi
2020,08,Neukölln,C,Comercio/GHD,12120.564859550,0.069204504,0.475115291,398.525603793,annual_umweltatlas_share_2023_times_annual_strombilanz_share,conditional_allocation_not_independent_kpi
2020,08,Neukölln,P,Público,12120.564859550,0.069204504,0.000000000,0.000000000,annual_umweltatlas_share_2023_times_annual_strombilanz_share,conditional_allocation_not_independent_kpi
2020,08,Neukölln,T,Transporte,12120.564859550,0.069204504,0.067756211,56.833752858,annual_umweltatlas_share_2023_times_annual_strombilanz_share,conditional_allocation_not_independent_kpi
2020,09,Treptow-Köpenick,I,Industria y minería,12120.564859550,0.062845344,0.115362430,87.873993376,annual_umweltatlas_share_2023_times_annual_strombilanz_share,conditional_allocation_not_independent_kpi
2020,09,Treptow-Köpenick,R,Residencial,12120.564859550,0.062845344,0.341766067,260.330413809,annual_umweltatlas_share_2023_times_annual_strombilanz_share,conditional_allocation_not_independent_kpi
2020,09,Treptow-Köpenick,C,Comercio/GHD,12120.564859550,0.062845344,0.475115291,361.905327191,annual_umweltatlas_share_2023_times_annual_strombilanz_share,conditional_allocation_not_independent_kpi
2020,09,Treptow-Köpenick,P,Público,12120.564859550,0.062845344,0.000000000,0.000000000,annual_umweltatlas_share_2023_times_annual_strombilanz_share,conditional_allocation_not_independent_kpi
2020,09,Treptow-Köpenick,T,Transporte,12120.564859550,0.062845344,0.067756211,51.611333696,annual_umweltatlas_share_2023_times_annual_strombilanz_share,conditional_allocation_not_independent_kpi
2020,10,Marzahn-Hellersdorf,I,Industria y minería,12120.564859550,0.047842029,0.115362430,66.895490928,annual_umweltatlas_share_2023_times_annual_strombilanz_share,conditional_allocation_not_independent_kpi
2020,10,Marzahn-Hellersdorf,R,Residencial,12120.564859550,0.047842029,0.341766067,198.180714980,annual_umweltatlas_share_2023_times_annual_strombilanz_share,conditional_allocation_not_independent_kpi
2020,10,Marzahn-Hellersdorf,C,Comercio/GHD,12120.564859550,0.047842029,0.475115291,275.506251644,annual_umweltatlas_share_2023_times_annual_strombilanz_share,conditional_allocation_not_independent_kpi
2020,10,Marzahn-Hellersdorf,P,Público,12120.564859550,0.047842029,0.000000000,0.000000000,annual_umweltatlas_share_2023_times_annual_strombilanz_share,conditional_allocation_not_independent_kpi
2020,10,Marzahn-Hellersdorf,T,Transporte,12120.564859550,0.047842029,0.067756211,39.289957954,annual_umweltatlas_share_2023_times_annual_strombilanz_share,conditional_allocation_not_independent_kpi
2020,11,Lichtenberg,I,Industria y minería,12120.564859550,0.050798488,0.115362430,71.029382829,annual_umweltatlas_share_2023_times_annual_strombilanz_share,conditional_allocation_not_independent_kpi
2020,11,Lichtenberg,R,Residencial,12120.564859550,0.050798488,0.341766067,210.427544194,annual_umweltatlas_share_2023_times_annual_strombilanz_share,conditional_allocation_not_independent_kpi
2020,11,Lichtenberg,C,Comercio/GHD,12120.564859550,0.050798488,0.475115291,292.531510695,annual_umweltatlas_share_2023_times_annual_strombilanz_share,conditional_allocation_not_independent_kpi
2020,11,Lichtenberg,P,Público,12120.564859550,0.050798488,0.000000000,0.000000000,annual_umweltatlas_share_2023_times_annual_strombilanz_share,conditional_allocation_not_independent_kpi
2020,11,Lichtenberg,T,Transporte,12120.564859550,0.050798488,0.067756211,41.717930853,annual_umweltatlas_share_2023_times_annual_strombilanz_share,conditional_allocation_not_independent_kpi
2020,12,Reinickendorf,I,Industria y minería,12120.564859550,0.076650276,0.115362430,107.176847429,annual_umweltatlas_share_2023_times_annual_strombilanz_share,conditional_allocation_not_independent_kpi
2020,12,Reinickendorf,R,Residencial,12120.564859550,0.076650276,0.341766067,317.515933554,annual_umweltatlas_share_2023_times_annual_strombilanz_share,conditional_allocation_not_independent_kpi
2020,12,Reinickendorf,C,Comercio/GHD,12120.564859550,0.076650276,0.475115291,441.403315655,annual_umweltatlas_share_2023_times_annual_strombilanz_share,conditional_allocation_not_independent_kpi
2020,12,Reinickendorf,P,Público,12120.564859550,0.076650276,0.000000000,0.000000000,annual_umweltatlas_share_2023_times_annual_strombilanz_share,conditional_allocation_not_independent_kpi
2020,12,Reinickendorf,T,Transporte,12120.564859550,0.076650276,0.067756211,62.948545122,annual_umweltatlas_share_2023_times_annual_strombilanz_share,conditional_allocation_not_independent_kpi
2021,01,Mitte,I,Industria y minería,12157.448135582,0.193616133,0.119045263,280.218036974,annual_umweltatlas_share_2023_times_annual_strombilanz_share,conditional_allocation_not_independent_kpi
2021,01,Mitte,R,Residencial,12157.448135582,0.193616133,0.333869415,785.887903662,annual_umweltatlas_share_2023_times_annual_strombilanz_share,conditional_allocation_not_independent_kpi
2021,01,Mitte,C,Comercio/GHD,12157.448135582,0.193616133,0.474954296,1117.984513587,annual_umweltatlas_share_2023_times_annual_strombilanz_share,conditional_allocation_not_independent_kpi
2021,01,Mitte,P,Público,12157.448135582,0.193616133,0.000000000,0.000000000,annual_umweltatlas_share_2023_times_annual_strombilanz_share,conditional_allocation_not_independent_kpi
2021,01,Mitte,T,Transporte,12157.448135582,0.193616133,0.072131026,169.787640936,annual_umweltatlas_share_2023_times_annual_strombilanz_share,conditional_allocation_not_independent_kpi
2021,02,Friedrichshain-Kreuzberg,I,Industria y minería,12157.448135582,0.094139438,0.119045263,136.246748189,annual_umweltatlas_share_2023_times_annual_strombilanz_share,conditional_allocation_not_independent_kpi
2021,02,Friedrichshain-Kreuzberg,R,Residencial,12157.448135582,0.094139438,0.333869415,382.111988476,annual_umweltatlas_share_2023_times_annual_strombilanz_share,conditional_allocation_not_independent_kpi
2021,02,Friedrichshain-Kreuzberg,C,Comercio/GHD,12157.448135582,0.094139438,0.474954296,543.582976124,annual_umweltatlas_share_2023_times_annual_strombilanz_share,conditional_allocation_not_independent_kpi
2021,02,Friedrichshain-Kreuzberg,P,Público,12157.448135582,0.094139438,0.000000000,0.000000000,annual_umweltatlas_share_2023_times_annual_strombilanz_share,conditional_allocation_not_independent_kpi
2021,02,Friedrichshain-Kreuzberg,T,Transporte,12157.448135582,0.094139438,0.072131026,82.553622208,annual_umweltatlas_share_2023_times_annual_strombilanz_share,conditional_allocation_not_independent_kpi
2021,03,Pankow,I,Industria y minería,12157.448135582,0.068349837,0.119045263,98.921803958,annual_umweltatlas_share_2023_times_annual_strombilanz_share,conditional_allocation_not_independent_kpi
2021,03,Pankow,R,Residencial,12157.448135582,0.068349837,0.333869415,277.431995378,annual_umweltatlas_share_2023_times_annual_strombilanz_share,conditional_allocation_not_independent_kpi
2021,03,Pankow,C,Comercio/GHD,12157.448135582,0.068349837,0.474954296,394.667831075,annual_umweltatlas_share_2023_times_annual_strombilanz_share,conditional_allocation_not_independent_kpi
2021,03,Pankow,P,Público,12157.448135582,0.068349837,0.000000000,0.000000000,annual_umweltatlas_share_2023_times_annual_strombilanz_share,conditional_allocation_not_independent_kpi
2021,03,Pankow,T,Transporte,12157.448135582,0.068349837,0.072131026,59.937967993,annual_umweltatlas_share_2023_times_annual_strombilanz_share,conditional_allocation_not_independent_kpi
2021,04,Charlottenburg-Wilmersdorf,I,Industria y minería,12157.448135582,0.099291811,0.119045263,143.703708647,annual_umweltatlas_share_2023_times_annual_strombilanz_share,conditional_allocation_not_independent_kpi
2021,04,Charlottenburg-Wilmersdorf,R,Residencial,12157.448135582,0.099291811,0.333869415,403.025471011,annual_umweltatlas_share_2023_times_annual_strombilanz_share,conditional_allocation_not_independent_kpi
2021,04,Charlottenburg-Wilmersdorf,C,Comercio/GHD,12157.448135582,0.099291811,0.474954296,573.333974313,annual_umweltatlas_share_2023_times_annual_strombilanz_share,conditional_allocation_not_independent_kpi
2021,04,Charlottenburg-Wilmersdorf,P,Público,12157.448135582,0.099291811,0.000000000,0.000000000,annual_umweltatlas_share_2023_times_annual_strombilanz_share,conditional_allocation_not_independent_kpi
2021,04,Charlottenburg-Wilmersdorf,T,Transporte,12157.448135582,0.099291811,0.072131026,87.071888550,annual_umweltatlas_share_2023_times_annual_strombilanz_share,conditional_allocation_not_independent_kpi
2021,05,Spandau,I,Industria y minería,12157.448135582,0.074424108,0.119045263,107.713015048,annual_umweltatlas_share_2023_times_annual_strombilanz_share,conditional_allocation_not_independent_kpi
2021,05,Spandau,R,Residencial,12157.448135582,0.074424108,0.333869415,302.087461989,annual_umweltatlas_share_2023_times_annual_strombilanz_share,conditional_allocation_not_independent_kpi
2021,05,Spandau,C,Comercio/GHD,12157.448135582,0.074424108,0.474954296,429.742082399,annual_umweltatlas_share_2023_times_annual_strombilanz_share,conditional_allocation_not_independent_kpi
2021,05,Spandau,P,Público,12157.448135582,0.074424108,0.000000000,0.000000000,annual_umweltatlas_share_2023_times_annual_strombilanz_share,conditional_allocation_not_independent_kpi
2021,05,Spandau,T,Transporte,12157.448135582,0.074424108,0.072131026,65.264673611,annual_umweltatlas_share_2023_times_annual_strombilanz_share,conditional_allocation_not_independent_kpi
2021,06,Steglitz-Zehlendorf,I,Industria y minería,12157.448135582,0.069543177,0.119045263,100.648908962,annual_umweltatlas_share_2023_times_annual_strombilanz_share,conditional_allocation_not_independent_kpi
2021,06,Steglitz-Zehlendorf,R,Residencial,12157.448135582,0.069543177,0.333869415,282.275762560,annual_umweltatlas_share_2023_times_annual_strombilanz_share,conditional_allocation_not_independent_kpi
2021,06,Steglitz-Zehlendorf,C,Comercio/GHD,12157.448135582,0.069543177,0.474954296,401.558453353,annual_umweltatlas_share_2023_times_annual_strombilanz_share,conditional_allocation_not_independent_kpi
2021,06,Steglitz-Zehlendorf,P,Público,12157.448135582,0.069543177,0.000000000,0.000000000,annual_umweltatlas_share_2023_times_annual_strombilanz_share,conditional_allocation_not_independent_kpi
2021,06,Steglitz-Zehlendorf,T,Transporte,12157.448135582,0.069543177,0.072131026,60.984442686,annual_umweltatlas_share_2023_times_annual_strombilanz_share,conditional_allocation_not_independent_kpi
2021,07,Tempelhof-Schöneberg,I,Industria y minería,12157.448135582,0.093294855,0.119045263,135.024394521,annual_umweltatlas_share_2023_times_annual_strombilanz_share,conditional_allocation_not_independent_kpi
2021,07,Tempelhof-Schöneberg,R,Residencial,12157.448135582,0.093294855,0.333869415,378.683825993,annual_umweltatlas_share_2023_times_annual_strombilanz_share,conditional_allocation_not_independent_kpi
2021,07,Tempelhof-Schöneberg,C,Comercio/GHD,12157.448135582,0.093294855,0.474954296,538.706157753,annual_umweltatlas_share_2023_times_annual_strombilanz_share,conditional_allocation_not_independent_kpi
2021,07,Tempelhof-Schöneberg,P,Público,12157.448135582,0.093294855,0.000000000,0.000000000,annual_umweltatlas_share_2023_times_annual_strombilanz_share,conditional_allocation_not_independent_kpi
2021,07,Tempelhof-Schöneberg,T,Transporte,12157.448135582,0.093294855,0.072131026,81.812982712,annual_umweltatlas_share_2023_times_annual_strombilanz_share,conditional_allocation_not_independent_kpi
2021,08,Neukölln,I,Industria y minería,12157.448135582,0.069204504,0.119045263,100.158752064,annual_umweltatlas_share_2023_times_annual_strombilanz_share,conditional_allocation_not_independent_kpi
2021,08,Neukölln,R,Residencial,12157.448135582,0.069204504,0.333869415,280.901088819,annual_umweltatlas_share_2023_times_annual_strombilanz_share,conditional_allocation_not_independent_kpi
2021,08,Neukölln,C,Comercio/GHD,12157.448135582,0.069204504,0.474954296,399.602876804,annual_umweltatlas_share_2023_times_annual_strombilanz_share,conditional_allocation_not_independent_kpi
2021,08,Neukölln,P,Público,12157.448135582,0.069204504,0.000000000,0.000000000,annual_umweltatlas_share_2023_times_annual_strombilanz_share,conditional_allocation_not_independent_kpi
2021,08,Neukölln,T,Transporte,12157.448135582,0.069204504,0.072131026,60.687450443,annual_umweltatlas_share_2023_times_annual_strombilanz_share,conditional_allocation_not_independent_kpi
2021,09,Treptow-Köpenick,I,Industria y minería,12157.448135582,0.062845344,0.119045263,90.955224938,annual_umweltatlas_share_2023_times_annual_strombilanz_share,conditional_allocation_not_independent_kpi
2021,09,Treptow-Köpenick,R,Residencial,12157.448135582,0.062845344,0.333869415,255.089257728,annual_umweltatlas_share_2023_times_annual_strombilanz_share,conditional_allocation_not_independent_kpi
2021,09,Treptow-Köpenick,C,Comercio/GHD,12157.448135582,0.062845344,0.474954296,362.883610236,annual_umweltatlas_share_2023_times_annual_strombilanz_share,conditional_allocation_not_independent_kpi
2021,09,Treptow-Köpenick,P,Público,12157.448135582,0.062845344,0.000000000,0.000000000,annual_umweltatlas_share_2023_times_annual_strombilanz_share,conditional_allocation_not_independent_kpi
2021,09,Treptow-Köpenick,T,Transporte,12157.448135582,0.062845344,0.072131026,55.110917341,annual_umweltatlas_share_2023_times_annual_strombilanz_share,conditional_allocation_not_independent_kpi
2021,10,Marzahn-Hellersdorf,I,Industria y minería,12157.448135582,0.047842029,0.119045263,69.241128017,annual_umweltatlas_share_2023_times_annual_strombilanz_share,conditional_allocation_not_independent_kpi
2021,10,Marzahn-Hellersdorf,R,Residencial,12157.448135582,0.047842029,0.333869415,194.190800607,annual_umweltatlas_share_2023_times_annual_strombilanz_share,conditional_allocation_not_independent_kpi
2021,10,Marzahn-Hellersdorf,C,Comercio/GHD,12157.448135582,0.047842029,0.474954296,276.250985348,annual_umweltatlas_share_2023_times_annual_strombilanz_share,conditional_allocation_not_independent_kpi
2021,10,Marzahn-Hellersdorf,P,Público,12157.448135582,0.047842029,0.000000000,0.000000000,annual_umweltatlas_share_2023_times_annual_strombilanz_share,conditional_allocation_not_independent_kpi
2021,10,Marzahn-Hellersdorf,T,Transporte,12157.448135582,0.047842029,0.072131026,41.954072296,annual_umweltatlas_share_2023_times_annual_strombilanz_share,conditional_allocation_not_independent_kpi
2021,11,Lichtenberg,I,Industria y minería,12157.448135582,0.050798488,0.119045263,73.519971544,annual_umweltatlas_share_2023_times_annual_strombilanz_share,conditional_allocation_not_independent_kpi
2021,11,Lichtenberg,R,Residencial,12157.448135582,0.050798488,0.333869415,206.191067991,annual_umweltatlas_share_2023_times_annual_strombilanz_share,conditional_allocation_not_independent_kpi
2021,11,Lichtenberg,C,Comercio/GHD,12157.448135582,0.050798488,0.474954296,293.322266165,annual_umweltatlas_share_2023_times_annual_strombilanz_share,conditional_allocation_not_independent_kpi
2021,11,Lichtenberg,P,Público,12157.448135582,0.050798488,0.000000000,0.000000000,annual_umweltatlas_share_2023_times_annual_strombilanz_share,conditional_allocation_not_independent_kpi
2021,11,Lichtenberg,T,Transporte,12157.448135582,0.050798488,0.072131026,44.546677526,annual_umweltatlas_share_2023_times_annual_strombilanz_share,conditional_allocation_not_independent_kpi
2021,12,Reinickendorf,I,Industria y minería,12157.448135582,0.076650276,0.119045263,110.934918188,annual_umweltatlas_share_2023_times_annual_strombilanz_share,conditional_allocation_not_independent_kpi
2021,12,Reinickendorf,R,Residencial,12157.448135582,0.076650276,0.333869415,311.123478129,annual_umweltatlas_share_2023_times_annual_strombilanz_share,conditional_allocation_not_independent_kpi
2021,12,Reinickendorf,C,Comercio/GHD,12157.448135582,0.076650276,0.474954296,442.596493393,annual_umweltatlas_share_2023_times_annual_strombilanz_share,conditional_allocation_not_independent_kpi
2021,12,Reinickendorf,P,Público,12157.448135582,0.076650276,0.000000000,0.000000000,annual_umweltatlas_share_2023_times_annual_strombilanz_share,conditional_allocation_not_independent_kpi
2021,12,Reinickendorf,T,Transporte,12157.448135582,0.076650276,0.072131026,67.216865338,annual_umweltatlas_share_2023_times_annual_strombilanz_share,conditional_allocation_not_independent_kpi
2022,01,Mitte,I,Industria y minería,11892.011635275,0.193616133,0.113053964,260.305090101,annual_umweltatlas_share_2023_times_annual_strombilanz_share,conditional_allocation_not_independent_kpi
2022,01,Mitte,R,Residencial,11892.011635275,0.193616133,0.330192595,760.263597908,annual_umweltatlas_share_2023_times_annual_strombilanz_share,conditional_allocation_not_independent_kpi
2022,01,Mitte,C,Comercio/GHD,11892.011635275,0.193616133,0.485162340,1117.079159954,annual_umweltatlas_share_2023_times_annual_strombilanz_share,conditional_allocation_not_independent_kpi
2022,01,Mitte,P,Público,11892.011635275,0.193616133,0.000000000,0.000000000,annual_umweltatlas_share_2023_times_annual_strombilanz_share,conditional_allocation_not_independent_kpi
2022,01,Mitte,T,Transporte,11892.011635275,0.193616133,0.071591101,164.837458449,annual_umweltatlas_share_2023_times_annual_strombilanz_share,conditional_allocation_not_independent_kpi
2022,02,Friedrichshain-Kreuzberg,I,Industria y minería,11892.011635275,0.094139438,0.113053964,126.564736683,annual_umweltatlas_share_2023_times_annual_strombilanz_share,conditional_allocation_not_independent_kpi
2022,02,Friedrichshain-Kreuzberg,R,Residencial,11892.011635275,0.094139438,0.330192595,369.653017700,annual_umweltatlas_share_2023_times_annual_strombilanz_share,conditional_allocation_not_independent_kpi
2022,02,Friedrichshain-Kreuzberg,C,Comercio/GHD,11892.011635275,0.094139438,0.485162340,543.142777878,annual_umweltatlas_share_2023_times_annual_strombilanz_share,conditional_allocation_not_independent_kpi
2022,02,Friedrichshain-Kreuzberg,P,Público,11892.011635275,0.094139438,0.000000000,0.000000000,annual_umweltatlas_share_2023_times_annual_strombilanz_share,conditional_allocation_not_independent_kpi
2022,02,Friedrichshain-Kreuzberg,T,Transporte,11892.011635275,0.094139438,0.071591101,80.146759773,annual_umweltatlas_share_2023_times_annual_strombilanz_share,conditional_allocation_not_independent_kpi
2022,03,Pankow,I,Industria y minería,11892.011635275,0.068349837,0.113053964,91.892189990,annual_umweltatlas_share_2023_times_annual_strombilanz_share,conditional_allocation_not_independent_kpi
2022,03,Pankow,R,Residencial,11892.011635275,0.068349837,0.330192595,268.386173140,annual_umweltatlas_share_2023_times_annual_strombilanz_share,conditional_allocation_not_independent_kpi
2022,03,Pankow,C,Comercio/GHD,11892.011635275,0.068349837,0.485162340,394.348225615,annual_umweltatlas_share_2023_times_annual_strombilanz_share,conditional_allocation_not_independent_kpi
2022,03,Pankow,P,Público,11892.011635275,0.068349837,0.000000000,0.000000000,annual_umweltatlas_share_2023_times_annual_strombilanz_share,conditional_allocation_not_independent_kpi
2022,03,Pankow,T,Transporte,11892.011635275,0.068349837,0.071591101,58.190468129,annual_umweltatlas_share_2023_times_annual_strombilanz_share,conditional_allocation_not_independent_kpi
2022,04,Charlottenburg-Wilmersdorf,I,Industria y minería,11892.011635275,0.099291811,0.113053964,133.491788149,annual_umweltatlas_share_2023_times_annual_strombilanz_share,conditional_allocation_not_independent_kpi
2022,04,Charlottenburg-Wilmersdorf,R,Residencial,11892.011635275,0.099291811,0.330192595,389.884604676,annual_umweltatlas_share_2023_times_annual_strombilanz_share,conditional_allocation_not_independent_kpi
2022,04,Charlottenburg-Wilmersdorf,C,Comercio/GHD,11892.011635275,0.099291811,0.485162340,572.869683449,annual_umweltatlas_share_2023_times_annual_strombilanz_share,conditional_allocation_not_independent_kpi
2022,04,Charlottenburg-Wilmersdorf,P,Público,11892.011635275,0.099291811,0.000000000,0.000000000,annual_umweltatlas_share_2023_times_annual_strombilanz_share,conditional_allocation_not_independent_kpi
2022,04,Charlottenburg-Wilmersdorf,T,Transporte,11892.011635275,0.099291811,0.071591101,84.533295426,annual_umweltatlas_share_2023_times_annual_strombilanz_share,conditional_allocation_not_independent_kpi
2022,05,Spandau,I,Industria y minería,11892.011635275,0.074424108,0.113053964,100.058677128,annual_umweltatlas_share_2023_times_annual_strombilanz_share,conditional_allocation_not_independent_kpi
2022,05,Spandau,R,Residencial,11892.011635275,0.074424108,0.330192595,292.237734751,annual_umweltatlas_share_2023_times_annual_strombilanz_share,conditional_allocation_not_independent_kpi
2022,05,Spandau,C,Comercio/GHD,11892.011635275,0.074424108,0.485162340,429.394073504,annual_umweltatlas_share_2023_times_annual_strombilanz_share,conditional_allocation_not_independent_kpi
2022,05,Spandau,P,Público,11892.011635275,0.074424108,0.000000000,0.000000000,annual_umweltatlas_share_2023_times_annual_strombilanz_share,conditional_allocation_not_independent_kpi
2022,05,Spandau,T,Transporte,11892.011635275,0.074424108,0.071591101,63.361872898,annual_umweltatlas_share_2023_times_annual_strombilanz_share,conditional_allocation_not_independent_kpi
2022,06,Steglitz-Zehlendorf,I,Industria y minería,11892.011635275,0.069543177,0.113053964,93.496562887,annual_umweltatlas_share_2023_times_annual_strombilanz_share,conditional_allocation_not_independent_kpi
2022,06,Steglitz-Zehlendorf,R,Residencial,11892.011635275,0.069543177,0.330192595,273.072006639,annual_umweltatlas_share_2023_times_annual_strombilanz_share,conditional_allocation_not_independent_kpi
2022,06,Steglitz-Zehlendorf,C,Comercio/GHD,11892.011635275,0.069543177,0.485162340,401.233267807,annual_umweltatlas_share_2023_times_annual_strombilanz_share,conditional_allocation_not_independent_kpi
2022,06,Steglitz-Zehlendorf,P,Público,11892.011635275,0.069543177,0.000000000,0.000000000,annual_umweltatlas_share_2023_times_annual_strombilanz_share,conditional_allocation_not_independent_kpi
2022,06,Steglitz-Zehlendorf,T,Transporte,11892.011635275,0.069543177,0.071591101,59.206432706,annual_umweltatlas_share_2023_times_annual_strombilanz_share,conditional_allocation_not_independent_kpi
2022,07,Tempelhof-Schöneberg,I,Industria y minería,11892.011635275,0.093294855,0.113053964,125.429246316,annual_umweltatlas_share_2023_times_annual_strombilanz_share,conditional_allocation_not_independent_kpi
2022,07,Tempelhof-Schöneberg,R,Residencial,11892.011635275,0.093294855,0.330192595,366.336632333,annual_umweltatlas_share_2023_times_annual_strombilanz_share,conditional_allocation_not_independent_kpi
2022,07,Tempelhof-Schöneberg,C,Comercio/GHD,11892.011635275,0.093294855,0.485162340,538.269908797,annual_umweltatlas_share_2023_times_annual_strombilanz_share,conditional_allocation_not_independent_kpi
2022,07,Tempelhof-Schöneberg,P,Público,11892.011635275,0.093294855,0.000000000,0.000000000,annual_umweltatlas_share_2023_times_annual_strombilanz_share,conditional_allocation_not_independent_kpi
2022,07,Tempelhof-Schöneberg,T,Transporte,11892.011635275,0.093294855,0.071591101,79.427713726,annual_umweltatlas_share_2023_times_annual_strombilanz_share,conditional_allocation_not_independent_kpi
2022,08,Neukölln,I,Industria y minería,11892.011635275,0.069204504,0.113053964,93.041237680,annual_umweltatlas_share_2023_times_annual_strombilanz_share,conditional_allocation_not_independent_kpi
2022,08,Neukölln,R,Residencial,11892.011635275,0.069204504,0.330192595,271.742154888,annual_umweltatlas_share_2023_times_annual_strombilanz_share,conditional_allocation_not_independent_kpi
2022,08,Neukölln,C,Comercio/GHD,11892.011635275,0.069204504,0.485162340,399.279274901,annual_umweltatlas_share_2023_times_annual_strombilanz_share,conditional_allocation_not_independent_kpi
2022,08,Neukölln,P,Público,11892.011635275,0.069204504,0.000000000,0.000000000,annual_umweltatlas_share_2023_times_annual_strombilanz_share,conditional_allocation_not_independent_kpi
2022,08,Neukölln,T,Transporte,11892.011635275,0.069204504,0.071591101,58.918099313,annual_umweltatlas_share_2023_times_annual_strombilanz_share,conditional_allocation_not_independent_kpi
2022,09,Treptow-Köpenick,I,Industria y minería,11892.011635275,0.062845344,0.113053964,84.491734645,annual_umweltatlas_share_2023_times_annual_strombilanz_share,conditional_allocation_not_independent_kpi
2022,09,Treptow-Köpenick,R,Residencial,11892.011635275,0.062845344,0.330192595,246.771932694,annual_umweltatlas_share_2023_times_annual_strombilanz_share,conditional_allocation_not_independent_kpi
2022,09,Treptow-Köpenick,C,Comercio/GHD,11892.011635275,0.062845344,0.485162340,362.589743916,annual_umweltatlas_share_2023_times_annual_strombilanz_share,conditional_allocation_not_independent_kpi
2022,09,Treptow-Köpenick,P,Público,11892.011635275,0.062845344,0.000000000,0.000000000,annual_umweltatlas_share_2023_times_annual_strombilanz_share,conditional_allocation_not_independent_kpi
2022,09,Treptow-Köpenick,T,Transporte,11892.011635275,0.062845344,0.071591101,53.504150815,annual_umweltatlas_share_2023_times_annual_strombilanz_share,conditional_allocation_not_independent_kpi
2022,10,Marzahn-Hellersdorf,I,Industria y minería,11892.011635275,0.047842029,0.113053964,64.320692065,annual_umweltatlas_share_2023_times_annual_strombilanz_share,conditional_allocation_not_independent_kpi
2022,10,Marzahn-Hellersdorf,R,Residencial,11892.011635275,0.047842029,0.330192595,187.859103140,annual_umweltatlas_share_2023_times_annual_strombilanz_share,conditional_allocation_not_independent_kpi
2022,10,Marzahn-Hellersdorf,C,Comercio/GHD,11892.011635275,0.047842029,0.485162340,276.027274885,annual_umweltatlas_share_2023_times_annual_strombilanz_share,conditional_allocation_not_independent_kpi
2022,10,Marzahn-Hellersdorf,P,Público,11892.011635275,0.047842029,0.000000000,0.000000000,annual_umweltatlas_share_2023_times_annual_strombilanz_share,conditional_allocation_not_independent_kpi
2022,10,Marzahn-Hellersdorf,T,Transporte,11892.011635275,0.047842029,0.071591101,40.730895433,annual_umweltatlas_share_2023_times_annual_strombilanz_share,conditional_allocation_not_independent_kpi
2022,11,Lichtenberg,I,Industria y minería,11892.011635275,0.050798488,0.113053964,68.295470997,annual_umweltatlas_share_2023_times_annual_strombilanz_share,conditional_allocation_not_independent_kpi
2022,11,Lichtenberg,R,Residencial,11892.011635275,0.050798488,0.330192595,199.468095229,annual_umweltatlas_share_2023_times_annual_strombilanz_share,conditional_allocation_not_independent_kpi
2022,11,Lichtenberg,C,Comercio/GHD,11892.011635275,0.050798488,0.485162340,293.084731229,annual_umweltatlas_share_2023_times_annual_strombilanz_share,conditional_allocation_not_independent_kpi
2022,11,Lichtenberg,P,Público,11892.011635275,0.050798488,0.000000000,0.000000000,annual_umweltatlas_share_2023_times_annual_strombilanz_share,conditional_allocation_not_independent_kpi
2022,11,Lichtenberg,T,Transporte,11892.011635275,0.050798488,0.071591101,43.247912895,annual_umweltatlas_share_2023_times_annual_strombilanz_share,conditional_allocation_not_independent_kpi
2022,12,Reinickendorf,I,Industria y minería,11892.011635275,0.076650276,0.113053964,103.051624321,annual_umweltatlas_share_2023_times_annual_strombilanz_share,conditional_allocation_not_independent_kpi
2022,12,Reinickendorf,R,Residencial,11892.011635275,0.076650276,0.330192595,300.979126633,annual_umweltatlas_share_2023_times_annual_strombilanz_share,conditional_allocation_not_independent_kpi
2022,12,Reinickendorf,C,Comercio/GHD,11892.011635275,0.076650276,0.485162340,442.238074884,annual_umweltatlas_share_2023_times_annual_strombilanz_share,conditional_allocation_not_independent_kpi
2022,12,Reinickendorf,P,Público,11892.011635275,0.076650276,0.000000000,0.000000000,annual_umweltatlas_share_2023_times_annual_strombilanz_share,conditional_allocation_not_independent_kpi
2022,12,Reinickendorf,T,Transporte,11892.011635275,0.076650276,0.071591101,65.257148201,annual_umweltatlas_share_2023_times_annual_strombilanz_share,conditional_allocation_not_independent_kpi
2023,01,Mitte,I,Industria y minería,12074.477889582,0.193616133,0.109844554,256.796104973,annual_umweltatlas_share_2023_times_annual_strombilanz_share,conditional_allocation_not_independent_kpi
2023,01,Mitte,R,Residencial,12074.477889582,0.193616133,0.336635816,786.991827856,annual_umweltatlas_share_2023_times_annual_strombilanz_share,conditional_allocation_not_independent_kpi
2023,01,Mitte,C,Comercio/GHD,12074.477889582,0.193616133,0.476132255,1113.108517193,annual_umweltatlas_share_2023_times_annual_strombilanz_share,conditional_allocation_not_independent_kpi
2023,01,Mitte,P,Público,12074.477889582,0.193616133,0.000000000,0.000000000,annual_umweltatlas_share_2023_times_annual_strombilanz_share,conditional_allocation_not_independent_kpi
2023,01,Mitte,T,Transporte,12074.477889582,0.193616133,0.077387375,180.917266952,annual_umweltatlas_share_2023_times_annual_strombilanz_share,conditional_allocation_not_independent_kpi
2023,02,Friedrichshain-Kreuzberg,I,Industria y minería,12074.477889582,0.094139438,0.109844554,124.858608775,annual_umweltatlas_share_2023_times_annual_strombilanz_share,conditional_allocation_not_independent_kpi
2023,02,Friedrichshain-Kreuzberg,R,Residencial,12074.477889582,0.094139438,0.336635816,382.648735087,annual_umweltatlas_share_2023_times_annual_strombilanz_share,conditional_allocation_not_independent_kpi
2023,02,Friedrichshain-Kreuzberg,C,Comercio/GHD,12074.477889582,0.094139438,0.476132255,541.212184222,annual_umweltatlas_share_2023_times_annual_strombilanz_share,conditional_allocation_not_independent_kpi
2023,02,Friedrichshain-Kreuzberg,P,Público,12074.477889582,0.094139438,0.000000000,0.000000000,annual_umweltatlas_share_2023_times_annual_strombilanz_share,conditional_allocation_not_independent_kpi
2023,02,Friedrichshain-Kreuzberg,T,Transporte,12074.477889582,0.094139438,0.077387375,87.965034584,annual_umweltatlas_share_2023_times_annual_strombilanz_share,conditional_allocation_not_independent_kpi
2023,03,Pankow,I,Industria y minería,12074.477889582,0.068349837,0.109844554,90.653457670,annual_umweltatlas_share_2023_times_annual_strombilanz_share,conditional_allocation_not_independent_kpi
2023,03,Pankow,R,Residencial,12074.477889582,0.068349837,0.336635816,277.821699674,annual_umweltatlas_share_2023_times_annual_strombilanz_share,conditional_allocation_not_independent_kpi
2023,03,Pankow,C,Comercio/GHD,12074.477889582,0.068349837,0.476132255,392.946520182,annual_umweltatlas_share_2023_times_annual_strombilanz_share,conditional_allocation_not_independent_kpi
2023,03,Pankow,P,Público,12074.477889582,0.068349837,0.000000000,0.000000000,annual_umweltatlas_share_2023_times_annual_strombilanz_share,conditional_allocation_not_independent_kpi
2023,03,Pankow,T,Transporte,12074.477889582,0.068349837,0.077387375,63.866918087,annual_umweltatlas_share_2023_times_annual_strombilanz_share,conditional_allocation_not_independent_kpi
2023,04,Charlottenburg-Wilmersdorf,I,Industria y minería,12074.477889582,0.099291811,0.109844554,131.692281658,annual_umweltatlas_share_2023_times_annual_strombilanz_share,conditional_allocation_not_independent_kpi
2023,04,Charlottenburg-Wilmersdorf,R,Residencial,12074.477889582,0.099291811,0.336635816,403.591594457,annual_umweltatlas_share_2023_times_annual_strombilanz_share,conditional_allocation_not_independent_kpi
2023,04,Charlottenburg-Wilmersdorf,C,Comercio/GHD,12074.477889582,0.099291811,0.476132255,570.833425909,annual_umweltatlas_share_2023_times_annual_strombilanz_share,conditional_allocation_not_independent_kpi
2023,04,Charlottenburg-Wilmersdorf,P,Público,12074.477889582,0.099291811,0.000000000,0.000000000,annual_umweltatlas_share_2023_times_annual_strombilanz_share,conditional_allocation_not_independent_kpi
2023,04,Charlottenburg-Wilmersdorf,T,Transporte,12074.477889582,0.099291811,0.077387375,92.779474512,annual_umweltatlas_share_2023_times_annual_strombilanz_share,conditional_allocation_not_independent_kpi
2023,05,Spandau,I,Industria y minería,12074.477889582,0.074424108,0.109844554,98.709858287,annual_umweltatlas_share_2023_times_annual_strombilanz_share,conditional_allocation_not_independent_kpi
2023,05,Spandau,R,Residencial,12074.477889582,0.074424108,0.336635816,302.511799425,annual_umweltatlas_share_2023_times_annual_strombilanz_share,conditional_allocation_not_independent_kpi
2023,05,Spandau,C,Comercio/GHD,12074.477889582,0.074424108,0.476132255,427.867798079,annual_umweltatlas_share_2023_times_annual_strombilanz_share,conditional_allocation_not_independent_kpi
2023,05,Spandau,P,Público,12074.477889582,0.074424108,0.000000000,0.000000000,annual_umweltatlas_share_2023_times_annual_strombilanz_share,conditional_allocation_not_independent_kpi
2023,05,Spandau,T,Transporte,12074.477889582,0.074424108,0.077387375,69.542790707,annual_umweltatlas_share_2023_times_annual_strombilanz_share,conditional_allocation_not_independent_kpi
2023,06,Steglitz-Zehlendorf,I,Industria y minería,12074.477889582,0.069543177,0.109844554,92.236203174,annual_umweltatlas_share_2023_times_annual_strombilanz_share,conditional_allocation_not_independent_kpi
2023,06,Steglitz-Zehlendorf,R,Residencial,12074.477889582,0.069543177,0.336635816,282.672270818,annual_umweltatlas_share_2023_times_annual_strombilanz_share,conditional_allocation_not_independent_kpi
2023,06,Steglitz-Zehlendorf,C,Comercio/GHD,12074.477889582,0.069543177,0.476132255,399.807089585,annual_umweltatlas_share_2023_times_annual_strombilanz_share,conditional_allocation_not_independent_kpi
2023,06,Steglitz-Zehlendorf,P,Público,12074.477889582,0.069543177,0.000000000,0.000000000,annual_umweltatlas_share_2023_times_annual_strombilanz_share,conditional_allocation_not_independent_kpi
2023,06,Steglitz-Zehlendorf,T,Transporte,12074.477889582,0.069543177,0.077387375,64.981989481,annual_umweltatlas_share_2023_times_annual_strombilanz_share,conditional_allocation_not_independent_kpi
2023,07,Tempelhof-Schöneberg,I,Industria y minería,12074.477889582,0.093294855,0.109844554,123.738425134,annual_umweltatlas_share_2023_times_annual_strombilanz_share,conditional_allocation_not_independent_kpi
2023,07,Tempelhof-Schöneberg,R,Residencial,12074.477889582,0.093294855,0.336635816,379.215757119,annual_umweltatlas_share_2023_times_annual_strombilanz_share,conditional_allocation_not_independent_kpi
2023,07,Tempelhof-Schöneberg,C,Comercio/GHD,12074.477889582,0.093294855,0.476132255,536.356635688,annual_umweltatlas_share_2023_times_annual_strombilanz_share,conditional_allocation_not_independent_kpi
2023,07,Tempelhof-Schöneberg,P,Público,12074.477889582,0.093294855,0.000000000,0.000000000,annual_umweltatlas_share_2023_times_annual_strombilanz_share,conditional_allocation_not_independent_kpi
2023,07,Tempelhof-Schöneberg,T,Transporte,12074.477889582,0.093294855,0.077387375,87.175845968,annual_umweltatlas_share_2023_times_annual_strombilanz_share,conditional_allocation_not_independent_kpi
2023,08,Neukölln,I,Industria y minería,12074.477889582,0.069204504,0.109844554,91.787015877,annual_umweltatlas_share_2023_times_annual_strombilanz_share,conditional_allocation_not_independent_kpi
2023,08,Neukölln,R,Residencial,12074.477889582,0.069204504,0.336635816,281.295666094,annual_umweltatlas_share_2023_times_annual_strombilanz_share,conditional_allocation_not_independent_kpi
2023,08,Neukölln,C,Comercio/GHD,12074.477889582,0.069204504,0.476132255,397.860042120,annual_umweltatlas_share_2023_times_annual_strombilanz_share,conditional_allocation_not_independent_kpi
2023,08,Neukölln,P,Público,12074.477889582,0.069204504,0.000000000,0.000000000,annual_umweltatlas_share_2023_times_annual_strombilanz_share,conditional_allocation_not_independent_kpi
2023,08,Neukölln,T,Transporte,12074.477889582,0.069204504,0.077387375,64.665529316,annual_umweltatlas_share_2023_times_annual_strombilanz_share,conditional_allocation_not_independent_kpi
2023,09,Treptow-Köpenick,I,Industria y minería,12074.477889582,0.062845344,0.109844554,83.352762525,annual_umweltatlas_share_2023_times_annual_strombilanz_share,conditional_allocation_not_independent_kpi
2023,09,Treptow-Köpenick,R,Residencial,12074.477889582,0.062845344,0.336635816,255.447577536,annual_umweltatlas_share_2023_times_annual_strombilanz_share,conditional_allocation_not_independent_kpi
2023,09,Treptow-Köpenick,C,Comercio/GHD,12074.477889582,0.062845344,0.476132255,361.300923577,annual_umweltatlas_share_2023_times_annual_strombilanz_share,conditional_allocation_not_independent_kpi
2023,09,Treptow-Köpenick,P,Público,12074.477889582,0.062845344,0.000000000,0.000000000,annual_umweltatlas_share_2023_times_annual_strombilanz_share,conditional_allocation_not_independent_kpi
2023,09,Treptow-Köpenick,T,Transporte,12074.477889582,0.062845344,0.077387375,58.723452953,annual_umweltatlas_share_2023_times_annual_strombilanz_share,conditional_allocation_not_independent_kpi
2023,10,Marzahn-Hellersdorf,I,Industria y minería,12074.477889582,0.047842029,0.109844554,63.453631218,annual_umweltatlas_share_2023_times_annual_strombilanz_share,conditional_allocation_not_independent_kpi
2023,10,Marzahn-Hellersdorf,R,Residencial,12074.477889582,0.047842029,0.336635816,194.463577325,annual_umweltatlas_share_2023_times_annual_strombilanz_share,conditional_allocation_not_independent_kpi
2023,10,Marzahn-Hellersdorf,C,Comercio/GHD,12074.477889582,0.047842029,0.476132255,275.046139671,annual_umweltatlas_share_2023_times_annual_strombilanz_share,conditional_allocation_not_independent_kpi
2023,10,Marzahn-Hellersdorf,P,Público,12074.477889582,0.047842029,0.000000000,0.000000000,annual_umweltatlas_share_2023_times_annual_strombilanz_share,conditional_allocation_not_independent_kpi
2023,10,Marzahn-Hellersdorf,T,Transporte,12074.477889582,0.047842029,0.077387375,44.704173139,annual_umweltatlas_share_2023_times_annual_strombilanz_share,conditional_allocation_not_independent_kpi
2023,11,Lichtenberg,I,Industria y minería,12074.477889582,0.050798488,0.109844554,67.374829023,annual_umweltatlas_share_2023_times_annual_strombilanz_share,conditional_allocation_not_independent_kpi
2023,11,Lichtenberg,R,Residencial,12074.477889582,0.050798488,0.336635816,206.480701293,annual_umweltatlas_share_2023_times_annual_strombilanz_share,conditional_allocation_not_independent_kpi
2023,11,Lichtenberg,C,Comercio/GHD,12074.477889582,0.050798488,0.476132255,292.042965517,annual_umweltatlas_share_2023_times_annual_strombilanz_share,conditional_allocation_not_independent_kpi
2023,11,Lichtenberg,P,Público,12074.477889582,0.050798488,0.000000000,0.000000000,annual_umweltatlas_share_2023_times_annual_strombilanz_share,conditional_allocation_not_independent_kpi
2023,11,Lichtenberg,T,Transporte,12074.477889582,0.050798488,0.077387375,47.466724347,annual_umweltatlas_share_2023_times_annual_strombilanz_share,conditional_allocation_not_independent_kpi
2023,12,Reinickendorf,I,Industria y minería,12074.477889582,0.076650276,0.109844554,101.662459718,annual_umweltatlas_share_2023_times_annual_strombilanz_share,conditional_allocation_not_independent_kpi
2023,12,Reinickendorf,R,Residencial,12074.477889582,0.076650276,0.336635816,311.560508312,annual_umweltatlas_share_2023_times_annual_strombilanz_share,conditional_allocation_not_independent_kpi
2023,12,Reinickendorf,C,Comercio/GHD,12074.477889582,0.076650276,0.476132255,440.666145630,annual_umweltatlas_share_2023_times_annual_strombilanz_share,conditional_allocation_not_independent_kpi
2023,12,Reinickendorf,P,Público,12074.477889582,0.076650276,0.000000000,0.000000000,annual_umweltatlas_share_2023_times_annual_strombilanz_share,conditional_allocation_not_independent_kpi
2023,12,Reinickendorf,T,Transporte,12074.477889582,0.076650276,0.077387375,71.622949132,annual_umweltatlas_share_2023_times_annual_strombilanz_share,conditional_allocation_not_independent_kpi
2024,01,Mitte,I,Industria y minería,12095.962062273,0.193616133,0.109844554,257.253023435,annual_umweltatlas_share_2023_times_annual_strombilanz_share,conditional_allocation_not_independent_kpi
2024,01,Mitte,R,Residencial,12095.962062273,0.193616133,0.336635816,788.392125947,annual_umweltatlas_share_2023_times_annual_strombilanz_share,conditional_allocation_not_independent_kpi
2024,01,Mitte,C,Comercio/GHD,12095.962062273,0.193616133,0.476132255,1115.089076173,annual_umweltatlas_share_2023_times_annual_strombilanz_share,conditional_allocation_not_independent_kpi
2024,01,Mitte,P,Público,12095.962062273,0.193616133,0.000000000,0.000000000,annual_umweltatlas_share_2023_times_annual_strombilanz_share,conditional_allocation_not_independent_kpi
2024,01,Mitte,T,Transporte,12095.962062273,0.193616133,0.077387375,181.239173857,annual_umweltatlas_share_2023_times_annual_strombilanz_share,conditional_allocation_not_independent_kpi
2024,02,Friedrichshain-Kreuzberg,I,Industria y minería,12095.962062273,0.094139438,0.109844554,125.080770258,annual_umweltatlas_share_2023_times_annual_strombilanz_share,conditional_allocation_not_independent_kpi
2024,02,Friedrichshain-Kreuzberg,R,Residencial,12095.962062273,0.094139438,0.336635816,383.329583699,annual_umweltatlas_share_2023_times_annual_strombilanz_share,conditional_allocation_not_independent_kpi
2024,02,Friedrichshain-Kreuzberg,C,Comercio/GHD,12095.962062273,0.094139438,0.476132255,542.175165490,annual_umweltatlas_share_2023_times_annual_strombilanz_share,conditional_allocation_not_independent_kpi
2024,02,Friedrichshain-Kreuzberg,P,Público,12095.962062273,0.094139438,0.000000000,0.000000000,annual_umweltatlas_share_2023_times_annual_strombilanz_share,conditional_allocation_not_independent_kpi
2024,02,Friedrichshain-Kreuzberg,T,Transporte,12095.962062273,0.094139438,0.077387375,88.121551165,annual_umweltatlas_share_2023_times_annual_strombilanz_share,conditional_allocation_not_independent_kpi
2024,03,Pankow,I,Industria y minería,12095.962062273,0.068349837,0.109844554,90.814757774,annual_umweltatlas_share_2023_times_annual_strombilanz_share,conditional_allocation_not_independent_kpi
2024,03,Pankow,R,Residencial,12095.962062273,0.068349837,0.336635816,278.316029071,annual_umweltatlas_share_2023_times_annual_strombilanz_share,conditional_allocation_not_independent_kpi
2024,03,Pankow,C,Comercio/GHD,12095.962062273,0.068349837,0.476132255,393.645691689,annual_umweltatlas_share_2023_times_annual_strombilanz_share,conditional_allocation_not_independent_kpi
2024,03,Pankow,P,Público,12095.962062273,0.068349837,0.000000000,0.000000000,annual_umweltatlas_share_2023_times_annual_strombilanz_share,conditional_allocation_not_independent_kpi
2024,03,Pankow,T,Transporte,12095.962062273,0.068349837,0.077387375,63.980556781,annual_umweltatlas_share_2023_times_annual_strombilanz_share,conditional_allocation_not_independent_kpi
2024,04,Charlottenburg-Wilmersdorf,I,Industria y minería,12095.962062273,0.099291811,0.109844554,131.926602326,annual_umweltatlas_share_2023_times_annual_strombilanz_share,conditional_allocation_not_independent_kpi
2024,04,Charlottenburg-Wilmersdorf,R,Residencial,12095.962062273,0.099291811,0.336635816,404.309706792,annual_umweltatlas_share_2023_times_annual_strombilanz_share,conditional_allocation_not_independent_kpi
2024,04,Charlottenburg-Wilmersdorf,C,Comercio/GHD,12095.962062273,0.099291811,0.476132255,571.849112385,annual_umweltatlas_share_2023_times_annual_strombilanz_share,conditional_allocation_not_independent_kpi
2024,04,Charlottenburg-Wilmersdorf,P,Público,12095.962062273,0.099291811,0.000000000,0.000000000,annual_umweltatlas_share_2023_times_annual_strombilanz_share,conditional_allocation_not_independent_kpi
2024,04,Charlottenburg-Wilmersdorf,T,Transporte,12095.962062273,0.099291811,0.077387375,92.944557448,annual_umweltatlas_share_2023_times_annual_strombilanz_share,conditional_allocation_not_independent_kpi
2024,05,Spandau,I,Industria y minería,12095.962062273,0.074424108,0.109844554,98.885493181,annual_umweltatlas_share_2023_times_annual_strombilanz_share,conditional_allocation_not_independent_kpi
2024,05,Spandau,R,Residencial,12095.962062273,0.074424108,0.336635816,303.050060027,annual_umweltatlas_share_2023_times_annual_strombilanz_share,conditional_allocation_not_independent_kpi
2024,05,Spandau,C,Comercio/GHD,12095.962062273,0.074424108,0.476132255,428.629105172,annual_umweltatlas_share_2023_times_annual_strombilanz_share,conditional_allocation_not_independent_kpi
2024,05,Spandau,P,Público,12095.962062273,0.074424108,0.000000000,0.000000000,annual_umweltatlas_share_2023_times_annual_strombilanz_share,conditional_allocation_not_independent_kpi
2024,05,Spandau,T,Transporte,12095.962062273,0.074424108,0.077387375,69.666528507,annual_umweltatlas_share_2023_times_annual_strombilanz_share,conditional_allocation_not_independent_kpi
2024,06,Steglitz-Zehlendorf,I,Industria y minería,12095.962062273,0.069543177,0.109844554,92.400319464,annual_umweltatlas_share_2023_times_annual_strombilanz_share,conditional_allocation_not_independent_kpi
2024,06,Steglitz-Zehlendorf,R,Residencial,12095.962062273,0.069543177,0.336635816,283.175230858,annual_umweltatlas_share_2023_times_annual_strombilanz_share,conditional_allocation_not_independent_kpi
2024,06,Steglitz-Zehlendorf,C,Comercio/GHD,12095.962062273,0.069543177,0.476132255,400.518468133,annual_umweltatlas_share_2023_times_annual_strombilanz_share,conditional_allocation_not_independent_kpi
2024,06,Steglitz-Zehlendorf,P,Público,12095.962062273,0.069543177,0.000000000,0.000000000,annual_umweltatlas_share_2023_times_annual_strombilanz_share,conditional_allocation_not_independent_kpi
2024,06,Steglitz-Zehlendorf,T,Transporte,12095.962062273,0.069543177,0.077387375,65.097612227,annual_umweltatlas_share_2023_times_annual_strombilanz_share,conditional_allocation_not_independent_kpi
2024,07,Tempelhof-Schöneberg,I,Industria y minería,12095.962062273,0.093294855,0.109844554,123.958593470,annual_umweltatlas_share_2023_times_annual_strombilanz_share,conditional_allocation_not_independent_kpi
2024,07,Tempelhof-Schöneberg,R,Residencial,12095.962062273,0.093294855,0.336635816,379.890497417,annual_umweltatlas_share_2023_times_annual_strombilanz_share,conditional_allocation_not_independent_kpi
2024,07,Tempelhof-Schöneberg,C,Comercio/GHD,12095.962062273,0.093294855,0.476132255,537.310977457,annual_umweltatlas_share_2023_times_annual_strombilanz_share,conditional_allocation_not_independent_kpi
2024,07,Tempelhof-Schöneberg,P,Público,12095.962062273,0.093294855,0.000000000,0.000000000,annual_umweltatlas_share_2023_times_annual_strombilanz_share,conditional_allocation_not_independent_kpi
2024,07,Tempelhof-Schöneberg,T,Transporte,12095.962062273,0.093294855,0.077387375,87.330958342,annual_umweltatlas_share_2023_times_annual_strombilanz_share,conditional_allocation_not_independent_kpi
2024,08,Neukölln,I,Industria y minería,12095.962062273,0.069204504,0.109844554,91.950332927,annual_umweltatlas_share_2023_times_annual_strombilanz_share,conditional_allocation_not_independent_kpi
2024,08,Neukölln,R,Residencial,12095.962062273,0.069204504,0.336635816,281.796176735,annual_umweltatlas_share_2023_times_annual_strombilanz_share,conditional_allocation_not_independent_kpi
2024,08,Neukölln,C,Comercio/GHD,12095.962062273,0.069204504,0.476132255,398.567956278,annual_umweltatlas_share_2023_times_annual_strombilanz_share,conditional_allocation_not_independent_kpi
2024,08,Neukölln,P,Público,12095.962062273,0.069204504,0.000000000,0.000000000,annual_umweltatlas_share_2023_times_annual_strombilanz_share,conditional_allocation_not_independent_kpi
2024,08,Neukölln,T,Transporte,12095.962062273,0.069204504,0.077387375,64.780588982,annual_umweltatlas_share_2023_times_annual_strombilanz_share,conditional_allocation_not_independent_kpi
2024,09,Treptow-Köpenick,I,Industria y minería,12095.962062273,0.062845344,0.109844554,83.501072469,annual_umweltatlas_share_2023_times_annual_strombilanz_share,conditional_allocation_not_independent_kpi
2024,09,Treptow-Köpenick,R,Residencial,12095.962062273,0.062845344,0.336635816,255.902096557,annual_umweltatlas_share_2023_times_annual_strombilanz_share,conditional_allocation_not_independent_kpi
2024,09,Treptow-Köpenick,C,Comercio/GHD,12095.962062273,0.062845344,0.476132255,361.943787932,annual_umweltatlas_share_2023_times_annual_strombilanz_share,conditional_allocation_not_independent_kpi
2024,09,Treptow-Köpenick,P,Público,12095.962062273,0.062845344,0.000000000,0.000000000,annual_umweltatlas_share_2023_times_annual_strombilanz_share,conditional_allocation_not_independent_kpi
2024,09,Treptow-Köpenick,T,Transporte,12095.962062273,0.062845344,0.077387375,58.827939856,annual_umweltatlas_share_2023_times_annual_strombilanz_share,conditional_allocation_not_independent_kpi
2024,10,Marzahn-Hellersdorf,I,Industria y minería,12095.962062273,0.047842029,0.109844554,63.566534549,annual_umweltatlas_share_2023_times_annual_strombilanz_share,conditional_allocation_not_independent_kpi
2024,10,Marzahn-Hellersdorf,R,Residencial,12095.962062273,0.047842029,0.336635816,194.809587241,annual_umweltatlas_share_2023_times_annual_strombilanz_share,conditional_allocation_not_independent_kpi
2024,10,Marzahn-Hellersdorf,C,Comercio/GHD,12095.962062273,0.047842029,0.476132255,275.535530502,annual_umweltatlas_share_2023_times_annual_strombilanz_share,conditional_allocation_not_independent_kpi
2024,10,Marzahn-Hellersdorf,P,Público,12095.962062273,0.047842029,0.000000000,0.000000000,annual_umweltatlas_share_2023_times_annual_strombilanz_share,conditional_allocation_not_independent_kpi
2024,10,Marzahn-Hellersdorf,T,Transporte,12095.962062273,0.047842029,0.077387375,44.783715475,annual_umweltatlas_share_2023_times_annual_strombilanz_share,conditional_allocation_not_independent_kpi
2024,11,Lichtenberg,I,Industria y minería,12095.962062273,0.050798488,0.109844554,67.494709358,annual_umweltatlas_share_2023_times_annual_strombilanz_share,conditional_allocation_not_independent_kpi
2024,11,Lichtenberg,R,Residencial,12095.962062273,0.050798488,0.336635816,206.848093331,annual_umweltatlas_share_2023_times_annual_strombilanz_share,conditional_allocation_not_independent_kpi
2024,11,Lichtenberg,C,Comercio/GHD,12095.962062273,0.050798488,0.476132255,292.562598876,annual_umweltatlas_share_2023_times_annual_strombilanz_share,conditional_allocation_not_independent_kpi
2024,11,Lichtenberg,P,Público,12095.962062273,0.050798488,0.000000000,0.000000000,annual_umweltatlas_share_2023_times_annual_strombilanz_share,conditional_allocation_not_independent_kpi
2024,11,Lichtenberg,T,Transporte,12095.962062273,0.050798488,0.077387375,47.551182103,annual_umweltatlas_share_2023_times_annual_strombilanz_share,conditional_allocation_not_independent_kpi
2024,12,Reinickendorf,I,Industria y minería,12095.962062273,0.076650276,0.109844554,101.843348189,annual_umweltatlas_share_2023_times_annual_strombilanz_share,conditional_allocation_not_independent_kpi
2024,12,Reinickendorf,R,Residencial,12095.962062273,0.076650276,0.336635816,312.114869323,annual_umweltatlas_share_2023_times_annual_strombilanz_share,conditional_allocation_not_independent_kpi
2024,12,Reinickendorf,C,Comercio/GHD,12095.962062273,0.076650276,0.476132255,441.450224880,annual_umweltatlas_share_2023_times_annual_strombilanz_share,conditional_allocation_not_independent_kpi
2024,12,Reinickendorf,P,Público,12095.962062273,0.076650276,0.000000000,0.000000000,annual_umweltatlas_share_2023_times_annual_strombilanz_share,conditional_allocation_not_independent_kpi
2024,12,Reinickendorf,T,Transporte,12095.962062273,0.076650276,0.077387375,71.750388167,annual_umweltatlas_share_2023_times_annual_strombilanz_share,conditional_allocation_not_independent_kpi
