kpi_id,indicador,compromiso,dimension,particion,periodo,n_validas,mape_pct,umbral_pct,criterio,cumple_umbral,comparador,comparador_independiente,dependencia_input,estado_evidencia,interpretacion,evidencia
BERLIN-MULTIYEAR-MAPE-D3-TRAIN,MAPE horario,MAPE <=35 %,3,entrenamiento,2020-2022,26172,2.6767267913992168,35.0,<=,True,HV observado Stromnetz Berlin,no,si,cumple_entrenamiento,entrenamiento; no es validación independiente de fuente,corfo-report/validation/berlin/multiyear_2020_2024/berlin_multiyear_model_metrics.csv
BERLIN-MULTIYEAR-MAPE-D3-VALIDATION,MAPE horario,MAPE <=35 %,3,validación 2023,2023,8752,3.9042884994489353,35.0,<=,True,HV observado Stromnetz Berlin,no,si,cumple_validacion,validación 2023; no es validación independiente de fuente,corfo-report/validation/berlin/multiyear_2020_2024/berlin_multiyear_model_metrics.csv
BERLIN-MULTIYEAR-MAPE-D3-TEST,MAPE horario,MAPE <=35 %,3,holdout temporal 2024,2024,8778,3.846283197253027,35.0,<=,True,HV observado Stromnetz Berlin,no,si,cumple_holdout_temporal_mismo_operador,holdout temporal 2024; no es validación independiente de fuente,corfo-report/validation/berlin/multiyear_2020_2024/berlin_multiyear_model_metrics.csv
BERLIN-MULTIYEAR-MAPE-D5-TRAIN,MAPE horario,MAPE <=35 %,5,entrenamiento,2020-2022,26166,4.624035887656434,35.0,<=,True,HV observado Stromnetz Berlin,no,si,cumple_entrenamiento,entrenamiento; no es validación independiente de fuente,corfo-report/validation/berlin/multiyear_2020_2024/berlin_multiyear_model_metrics.csv
BERLIN-MULTIYEAR-MAPE-D5-VALIDATION,MAPE horario,MAPE <=35 %,5,validación 2023,2023,8750,4.017141068619615,35.0,<=,True,HV observado Stromnetz Berlin,no,si,cumple_validacion,validación 2023; no es validación independiente de fuente,corfo-report/validation/berlin/multiyear_2020_2024/berlin_multiyear_model_metrics.csv
BERLIN-MULTIYEAR-MAPE-D5-TEST,MAPE horario,MAPE <=35 %,5,holdout temporal 2024,2024,8776,4.186405022828252,35.0,<=,True,HV observado Stromnetz Berlin,no,si,cumple_holdout_temporal_mismo_operador,holdout temporal 2024; no es validación independiente de fuente,corfo-report/validation/berlin/multiyear_2020_2024/berlin_multiyear_model_metrics.csv
BERLIN-MULTIYEAR-MAPE-D8-TRAIN,MAPE horario,MAPE <=35 %,8,entrenamiento,2020-2022,26157,2.8844904612540794,35.0,<=,True,HV observado Stromnetz Berlin,no,si,cumple_entrenamiento,entrenamiento; no es validación independiente de fuente,corfo-report/validation/berlin/multiyear_2020_2024/berlin_multiyear_model_metrics.csv
BERLIN-MULTIYEAR-MAPE-D8-VALIDATION,MAPE horario,MAPE <=35 %,8,validación 2023,2023,8747,3.4525481161570886,35.0,<=,True,HV observado Stromnetz Berlin,no,si,cumple_validacion,validación 2023; no es validación independiente de fuente,corfo-report/validation/berlin/multiyear_2020_2024/berlin_multiyear_model_metrics.csv
BERLIN-MULTIYEAR-MAPE-D8-TEST,MAPE horario,MAPE <=35 %,8,holdout temporal 2024,2024,8773,3.4262893346369867,35.0,<=,True,HV observado Stromnetz Berlin,no,si,cumple_holdout_temporal_mismo_operador,holdout temporal 2024; no es validación independiente de fuente,corfo-report/validation/berlin/multiyear_2020_2024/berlin_multiyear_model_metrics.csv
